{
  "schemaVersion": 1,
  "app": "sprint",
  "displayName": "코드잇 스프린트",
  "weeks": [
    {
      "isoWeek": "2026-W26",
      "mentionRate": 0.34285714285714286,
      "sov": 0.2101449275362319,
      "competitorSov": {
        "내일배움캠프": 0.17277486910994763,
        "엘리스": 0.09424083769633508,
        "프로그래머스 데브코스": 0.2094240837696335,
        "패스트캠퍼스": 0.08900523560209424,
        "커널 아카데미": 0.06282722513089005,
        "멋쟁이사자처럼": 0.08376963350785341,
        "구름": 0.05235602094240838,
        "코드캠프": 0.005235602094240838,
        "제로베이스": 0.031413612565445025,
        "항해99": 0.010471204188481676
      },
      "sentiment": {
        "positive": 70,
        "neutral": 15,
        "negative": 0
      },
      "accuracyFlags": {},
      "byEngine": {
        "chatgpt": 0.32,
        "google-aio": 0.3333333333333333,
        "naver-briefing": 0.4666666666666667
      },
      "byEngineCostUsd": {
        "chatgpt": 50.32414500000004,
        "google-aio": 0,
        "naver-briefing": 0
      },
      "sampleSize": 105,
      "costUsd": 50.388420200000034,
      "geoScore": 74,
      "geoScoreRange": [
        69,
        79
      ]
    },
    {
      "isoWeek": "2026-W28",
      "mentionRate": 0.4067796610169492,
      "sov": 0.15111394557823118,
      "competitorSov": {
        "내일배움캠프": 0.19161676646706588,
        "멋쟁이사자처럼": 0.09181636726546906,
        "구름": 0.05189620758483034,
        "프로그래머스 데브코스": 0.16367265469061876,
        "패스트캠퍼스": 0.1377245508982036,
        "항해99": 0.023952095808383235,
        "엘리스": 0.08782435129740519,
        "코드캠프": 0.007984031936127744,
        "커널 아카데미": 0.0499001996007984,
        "제로베이스": 0.0499001996007984
      },
      "sentiment": {
        "positive": 157,
        "neutral": 21,
        "negative": 0
      },
      "accuracyFlags": {},
      "byEngine": {
        "chatgpt": 0.5333333333333333,
        "gemini": 0.3194444444444444,
        "google-aio": 0.26666666666666666,
        "naver-briefing": 0.3333333333333333
      },
      "byEngineCostUsd": {
        "chatgpt": 45.143335,
        "gemini": 4.696018500000001,
        "google-aio": 0,
        "naver-briefing": 0
      },
      "sampleSize": 177,
      "costUsd": 49.982646700000004,
      "geoScore": 80,
      "geoScoreRange": [
        79,
        80
      ]
    }
  ]
}
